Ref,Val,Package,PosX,PosY,Rot,Side
"REF**","Fiducial_1mm_Mask3mm","Fiducial_1mm_Mask3mm",30.0000,15.0000,0.0000,top
"REF**","Fiducial_1mm_Mask3mm","Fiducial_1mm_Mask3mm",30.0000,30.0000,0.0000,top
"REF**","Fiducial_1mm_Mask2mm","Fiducial_1mm_Mask2mm",40.0000,25.0000,0.0000,top
"REF**","Fiducial_1mm_Mask3mm","Fiducial_1mm_Mask3mm",75.0000,5.0000,0.0000,top
"REF**","Fiducial_1mm_Mask3mm","Fiducial_1mm_Mask3mm",5.0000,5.0000,0.0000,top
"REF**","Fiducial_1mm_Mask3mm","Fiducial_1mm_Mask3mm",50.0000,15.0000,0.0000,top
"REF**","Fiducial_1mm_Mask3mm","Fiducial_1mm_Mask3mm",50.0000,30.0000,0.0000,top
